{
    "(0, 10, 0, 0)": {
        "motprimID": 0,
        "turning_radius": 100000.0,
        "path_len": 10.0,
        "dth": 0
    },
    "(0, 0, 0, 1)": {
        "motprimID": 1,
        "turning_radius": 0,
        "path_len": 0.0,
        "dth": 0.39269908169872414
    },
    "(0, 0, 0, 15)": {
        "motprimID": 2,
        "turning_radius": 0,
        "path_len": 0.0,
        "dth": -0.39269908169872414
    },
    "(1, 9, 4, 1)": {
        "motprimID": 0,
        "turning_radius": 100000.0,
        "path_len": 9.848857801796104,
        "dth": 0
    },
    "(1, 0, 0, 2)": {
        "motprimID": 1,
        "turning_radius": 0,
        "path_len": 0.0,
        "dth": 0.39269908169872414
    },
    "(1, 0, 0, 0)": {
        "motprimID": 2,
        "turning_radius": 0,
        "path_len": 0.0,
        "dth": -0.39269908169872414
    },
    "(2, 7, 7, 2)": {
        "motprimID": 0,
        "turning_radius": 100000.0,
        "path_len": 9.899494936611665,
        "dth": 0
    },
    "(2, 0, 0, 3)": {
        "motprimID": 1,
        "turning_radius": 0,
        "path_len": 0.0,
        "dth": 0.39269908169872414
    },
    "(2, 0, 0, 1)": {
        "motprimID": 2,
        "turning_radius": 0,
        "path_len": 0.0,
        "dth": -0.39269908169872414
    },
    "(3, 4, 9, 3)": {
        "motprimID": 0,
        "turning_radius": 100000.0,
        "path_len": 9.848857801796104,
        "dth": 0
    },
    "(3, 0, 0, 4)": {
        "motprimID": 1,
        "turning_radius": 0,
        "path_len": 0.0,
        "dth": 0.39269908169872414
    },
    "(3, 0, 0, 2)": {
        "motprimID": 2,
        "turning_radius": 0,
        "path_len": 0.0,
        "dth": -0.39269908169872414
    },
    "(4, 0, 10, 4)": {
        "motprimID": 0,
        "turning_radius": 100000.0,
        "path_len": 10.0,
        "dth": 0
    },
    "(4, 0, 0, 5)": {
        "motprimID": 1,
        "turning_radius": 0,
        "path_len": 0.0,
        "dth": 0.39269908169872414
    },
    "(4, 0, 0, 3)": {
        "motprimID": 2,
        "turning_radius": 0,
        "path_len": 0.0,
        "dth": -0.39269908169872414
    },
    "(5, -4, 9, 5)": {
        "motprimID": 0,
        "turning_radius": 100000.0,
        "path_len": 9.848857801796104,
        "dth": 0
    },
    "(5, 0, 0, 6)": {
        "motprimID": 1,
        "turning_radius": 0,
        "path_len": 0.0,
        "dth": 0.39269908169872414
    },
    "(5, 0, 0, 4)": {
        "motprimID": 2,
        "turning_radius": 0,
        "path_len": 0.0,
        "dth": -0.39269908169872414
    },
    "(6, -7, 7, 6)": {
        "motprimID": 0,
        "turning_radius": 100000.0,
        "path_len": 9.899494936611665,
        "dth": 0
    },
    "(6, 0, 0, 7)": {
        "motprimID": 1,
        "turning_radius": 0,
        "path_len": 0.0,
        "dth": 0.39269908169872414
    },
    "(6, 0, 0, 5)": {
        "motprimID": 2,
        "turning_radius": 0,
        "path_len": 0.0,
        "dth": -0.39269908169872414
    },
    "(7, -9, 4, 7)": {
        "motprimID": 0,
        "turning_radius": 100000.0,
        "path_len": 9.848857801796104,
        "dth": 0
    },
    "(7, 0, 0, 8)": {
        "motprimID": 1,
        "turning_radius": 0,
        "path_len": 0.0,
        "dth": 0.39269908169872414
    },
    "(7, 0, 0, 6)": {
        "motprimID": 2,
        "turning_radius": 0,
        "path_len": 0.0,
        "dth": -0.39269908169872414
    },
    "(8, -10, 0, 8)": {
        "motprimID": 0,
        "turning_radius": 100000.0,
        "path_len": 10.0,
        "dth": 0
    },
    "(8, 0, 0, 9)": {
        "motprimID": 1,
        "turning_radius": 0,
        "path_len": 0.0,
        "dth": 0.39269908169872414
    },
    "(8, 0, 0, 7)": {
        "motprimID": 2,
        "turning_radius": 0,
        "path_len": 0.0,
        "dth": -0.39269908169872414
    },
    "(9, -9, -4, 9)": {
        "motprimID": 0,
        "turning_radius": 100000.0,
        "path_len": 9.848857801796104,
        "dth": 0
    },
    "(9, 0, 0, 10)": {
        "motprimID": 1,
        "turning_radius": 0,
        "path_len": 0.0,
        "dth": 0.39269908169872414
    },
    "(9, 0, 0, 8)": {
        "motprimID": 2,
        "turning_radius": 0,
        "path_len": 0.0,
        "dth": -0.39269908169872414
    },
    "(10, -7, -7, 10)": {
        "motprimID": 0,
        "turning_radius": 100000.0,
        "path_len": 9.899494936611665,
        "dth": 0
    },
    "(10, 0, 0, 11)": {
        "motprimID": 1,
        "turning_radius": 0,
        "path_len": 0.0,
        "dth": 0.39269908169872414
    },
    "(10, 0, 0, 9)": {
        "motprimID": 2,
        "turning_radius": 0,
        "path_len": 0.0,
        "dth": -0.39269908169872414
    },
    "(11, -4, -9, 11)": {
        "motprimID": 0,
        "turning_radius": 100000.0,
        "path_len": 9.848857801796104,
        "dth": 0
    },
    "(11, 0, 0, 12)": {
        "motprimID": 1,
        "turning_radius": 0,
        "path_len": 0.0,
        "dth": 0.39269908169872414
    },
    "(11, 0, 0, 10)": {
        "motprimID": 2,
        "turning_radius": 0,
        "path_len": 0.0,
        "dth": -0.39269908169872414
    },
    "(12, 0, -10, 12)": {
        "motprimID": 0,
        "turning_radius": 100000.0,
        "path_len": 10.0,
        "dth": 0
    },
    "(12, 0, 0, 13)": {
        "motprimID": 1,
        "turning_radius": 0,
        "path_len": 0.0,
        "dth": 0.39269908169872414
    },
    "(12, 0, 0, 11)": {
        "motprimID": 2,
        "turning_radius": 0,
        "path_len": 0.0,
        "dth": -0.39269908169872414
    },
    "(13, 4, -9, 13)": {
        "motprimID": 0,
        "turning_radius": 100000.0,
        "path_len": 9.848857801796104,
        "dth": 0
    },
    "(13, 0, 0, 14)": {
        "motprimID": 1,
        "turning_radius": 0,
        "path_len": 0.0,
        "dth": 0.39269908169872414
    },
    "(13, 0, 0, 12)": {
        "motprimID": 2,
        "turning_radius": 0,
        "path_len": 0.0,
        "dth": -0.39269908169872414
    },
    "(14, 7, -7, 14)": {
        "motprimID": 0,
        "turning_radius": 100000.0,
        "path_len": 9.899494936611665,
        "dth": 0
    },
    "(14, 0, 0, 15)": {
        "motprimID": 1,
        "turning_radius": 0,
        "path_len": 0.0,
        "dth": 0.39269908169872414
    },
    "(14, 0, 0, 13)": {
        "motprimID": 2,
        "turning_radius": 0,
        "path_len": 0.0,
        "dth": -0.39269908169872414
    },
    "(15, 9, -4, 15)": {
        "motprimID": 0,
        "turning_radius": 100000.0,
        "path_len": 9.848857801796104,
        "dth": 0
    },
    "(15, 0, 0, 0)": {
        "motprimID": 1,
        "turning_radius": 0,
        "path_len": 0.0,
        "dth": 0.39269908169872414
    },
    "(15, 0, 0, 14)": {
        "motprimID": 2,
        "turning_radius": 0,
        "path_len": 0.0,
        "dth": -0.39269908169872414
    }
}